{
    "payload": [
        {
            "host": "mvno-mobile.cdn-tinkoff.ru",
            "pins": [
                {
                    "is_online": true,
                    "pin": "sw3DOQMyGEdDCM7DtaUdUiGQws6g9I/N6LHvSCeIUBc=",
                    "serial": "6c3ba4e706c1a76a96369fbe842bb5c"
                },
                {
                    "pin": "sw3DOQMyGEdDCM7DtaUdUiGQws6g9I/N6LHvSCeIUBc=",
                    "serial": "6c3ba4e706c1a76a96369fbe842bb5c"
                }
            ]
        },
        {
            "host": "qrpay.tinkoff.ru",
            "pins": [
                {
                    "is_online": true,
                    "pin": "4DmkkckpdCaANfnhBXmjrttFEaOQ5kFG4VyiP8rnr34=",
                    "serial": "7c51c3974f4ba0dbc7173e35677029f"
                },
                {
                    "pin": "4DmkkckpdCaANfnhBXmjrttFEaOQ5kFG4VyiP8rnr34=",
                    "serial": "7c51c3974f4ba0dbc7173e35677029f"
                },
                {
                    "pin": "JgZq99VrhpBYrHad8wF2IQ+g7gCusrijzZf13nMM6TY=",
                    "serial": "2e2518120d0af81ed82f7d46"
                }
            ]
        },
        {
            "host": "magentbet-biom.tcsbank.ru",
            "pins": [
                {
                    "is_online": true,
                    "pin": "nYYGRCDzUlh/0OFpGcsqL//5mwO9f+sB66F/eFl8CPs=",
                    "serial": "f5968151a9501bec7ed69741470c901"
                },
                {
                    "pin": "nYYGRCDzUlh/0OFpGcsqL//5mwO9f+sB66F/eFl8CPs=",
                    "serial": "f5968151a9501bec7ed69741470c901"
                },
                {
                    "pin": "3WlsDD6NrYWmVA61rY9B2zbDPoQEFOMlm+uiksUEr+M=",
                    "serial": "5370813ff159097e5dc7de5b783901c"
                },
                {
                    "pin": "UJ98miGl7eIU5waeuAccwymyit4vCp/xod0JApyEsNs=",
                    "serial": "5cee42d8abdf2a4dd8aeaef3"
                }
            ]
        },
        {
            "host": "magentbep-biom.tcsbank.ru",
            "pins": [
                {
                    "is_online": true,
                    "pin": "nYYGRCDzUlh/0OFpGcsqL//5mwO9f+sB66F/eFl8CPs=",
                    "serial": "f5968151a9501bec7ed69741470c901"
                },
                {
                    "pin": "nYYGRCDzUlh/0OFpGcsqL//5mwO9f+sB66F/eFl8CPs=",
                    "serial": "f5968151a9501bec7ed69741470c901"
                },
                {
                    "pin": "3WlsDD6NrYWmVA61rY9B2zbDPoQEFOMlm+uiksUEr+M=",
                    "serial": "5370813ff159097e5dc7de5b783901c"
                },
                {
                    "pin": "UJ98miGl7eIU5waeuAccwymyit4vCp/xod0JApyEsNs=",
                    "serial": "5cee42d8abdf2a4dd8aeaef3"
                }
            ]
        },
        {
            "host": "msgrapi.tinkoff.ru",
            "pins": [
                {
                    "is_online": true,
                    "pin": "4DmkkckpdCaANfnhBXmjrttFEaOQ5kFG4VyiP8rnr34=",
                    "serial": "7c51c3974f4ba0dbc7173e35677029f"
                },
                {
                    "pin": "4DmkkckpdCaANfnhBXmjrttFEaOQ5kFG4VyiP8rnr34=",
                    "serial": "7c51c3974f4ba0dbc7173e35677029f"
                },
                {
                    "pin": "jN4eTIDGCMA8uOCo4W6tAoXWGKAf+KV90nyOPEA0/4E=",
                    "serial": "2c9d2fb0601c98b90d8d863fafb26a9"
                },
                {
                    "pin": "JgZq99VrhpBYrHad8wF2IQ+g7gCusrijzZf13nMM6TY=",
                    "serial": "2e2518120d0af81ed82f7d46"
                }
            ]
        },
        {
            "host": "mvno-web.cdn-tinkoff.ru",
            "pins": [
                {
                    "is_online": true,
                    "pin": "sw3DOQMyGEdDCM7DtaUdUiGQws6g9I/N6LHvSCeIUBc=",
                    "serial": "6c3ba4e706c1a76a96369fbe842bb5c"
                },
                {
                    "pin": "sw3DOQMyGEdDCM7DtaUdUiGQws6g9I/N6LHvSCeIUBc=",
                    "serial": "6c3ba4e706c1a76a96369fbe842bb5c"
                }
            ]
        },
        {
            "host": "tmsg.tinkoff.ru",
            "pins": [
                {
                    "is_online": true,
                    "pin": "4DmkkckpdCaANfnhBXmjrttFEaOQ5kFG4VyiP8rnr34=",
                    "serial": "7c51c3974f4ba0dbc7173e35677029f"
                },
                {
                    "pin": "4DmkkckpdCaANfnhBXmjrttFEaOQ5kFG4VyiP8rnr34=",
                    "serial": "7c51c3974f4ba0dbc7173e35677029f"
                },
                {
                    "pin": "jN4eTIDGCMA8uOCo4W6tAoXWGKAf+KV90nyOPEA0/4E=",
                    "serial": "2c9d2fb0601c98b90d8d863fafb26a9"
                },
                {
                    "pin": "JgZq99VrhpBYrHad8wF2IQ+g7gCusrijzZf13nMM6TY=",
                    "serial": "2e2518120d0af81ed82f7d46"
                }
            ]
        },
        {
            "host": "acdn.tinkoff.ru",
            "pins": [
                {
                    "is_online": true,
                    "pin": "J8sE3TLTuJDuZMvhVNOLaE2/T0YtDNA8bkwZI+8k8uA=",
                    "serial": "9b10c3b12330621b73b5726d7eb2147"
                },
                {
                    "pin": "J8sE3TLTuJDuZMvhVNOLaE2/T0YtDNA8bkwZI+8k8uA=",
                    "serial": "9b10c3b12330621b73b5726d7eb2147"
                },
                {
                    "pin": "fgNvk9+y9IFj7/nfx5vBRLvbGNP3NKxO++xxEj/I3rQ=",
                    "serial": "0e12cf8d2ae9a7be0b0e6888"
                }
            ]
        },
        {
            "host": "mobile-minvest-prod.cdn-tinkoff.ru",
            "pins": [
                {
                    "is_online": true,
                    "pin": "sw3DOQMyGEdDCM7DtaUdUiGQws6g9I/N6LHvSCeIUBc=",
                    "serial": "6c3ba4e706c1a76a96369fbe842bb5c"
                },
                {
                    "pin": "sw3DOQMyGEdDCM7DtaUdUiGQws6g9I/N6LHvSCeIUBc=",
                    "serial": "6c3ba4e706c1a76a96369fbe842bb5c"
                }
            ]
        },
        {
            "host": "dolyame.ru",
            "pins": [
                {
                    "is_online": true,
                    "pin": "Zey7iJWnf9yVFM0ChRQRSWQV044bfLKBERZ/V3BO2r4=",
                    "serial": "c544f5eeeed00fa86d8b1be2e7874227"
                },
                {
                    "pin": "Zey7iJWnf9yVFM0ChRQRSWQV044bfLKBERZ/V3BO2r4=",
                    "serial": "c544f5eeeed00fa86d8b1be2e7874227"
                },
                {
                    "pin": "BHTCoLrzd1+cyQdF0qDS+yY16JpZrkCK9Vxmoppj7y4=",
                    "serial": "17e2312d882224ffa84044d9"
                }
            ]
        },
        {
            "host": "appinapp-img-prod.cdn-tinkoff.ru",
            "pins": [
                {
                    "is_online": true,
                    "pin": "sw3DOQMyGEdDCM7DtaUdUiGQws6g9I/N6LHvSCeIUBc=",
                    "serial": "6c3ba4e706c1a76a96369fbe842bb5c"
                },
                {
                    "pin": "sw3DOQMyGEdDCM7DtaUdUiGQws6g9I/N6LHvSCeIUBc=",
                    "serial": "6c3ba4e706c1a76a96369fbe842bb5c"
                }
            ]
        },
        {
            "host": "sme.tinkoff.ru",
            "pins": [
                {
                    "is_online": true,
                    "pin": "4DmkkckpdCaANfnhBXmjrttFEaOQ5kFG4VyiP8rnr34=",
                    "serial": "7c51c3974f4ba0dbc7173e35677029f"
                },
                {
                    "pin": "4DmkkckpdCaANfnhBXmjrttFEaOQ5kFG4VyiP8rnr34=",
                    "serial": "7c51c3974f4ba0dbc7173e35677029f"
                },
                {
                    "pin": "jN4eTIDGCMA8uOCo4W6tAoXWGKAf+KV90nyOPEA0/4E=",
                    "serial": "2c9d2fb0601c98b90d8d863fafb26a9"
                },
                {
                    "pin": "JgZq99VrhpBYrHad8wF2IQ+g7gCusrijzZf13nMM6TY=",
                    "serial": "2e2518120d0af81ed82f7d46"
                }
            ]
        },
        {
            "host": "tapi.tinkoff.ru",
            "pins": [
                {
                    "is_online": true,
                    "pin": "4DmkkckpdCaANfnhBXmjrttFEaOQ5kFG4VyiP8rnr34=",
                    "serial": "7c51c3974f4ba0dbc7173e35677029f"
                },
                {
                    "pin": "4DmkkckpdCaANfnhBXmjrttFEaOQ5kFG4VyiP8rnr34=",
                    "serial": "7c51c3974f4ba0dbc7173e35677029f"
                },
                {
                    "pin": "jN4eTIDGCMA8uOCo4W6tAoXWGKAf+KV90nyOPEA0/4E=",
                    "serial": "2c9d2fb0601c98b90d8d863fafb26a9"
                },
                {
                    "pin": "JgZq99VrhpBYrHad8wF2IQ+g7gCusrijzZf13nMM6TY=",
                    "serial": "2e2518120d0af81ed82f7d46"
                }
            ]
        },
        {
            "host": "config.tinkoff.ru",
            "pins": [
                {
                    "is_online": true,
                    "pin": "s6xGyPIeuJv9rlIq8iBlc52SNk8p/ggMJwlhA3ErV3I=",
                    "serial": "3769300060e20238938081be9dabb47"
                },
                {
                     "pin": "ulKPR9Q7B9LiqNnPgVAHnGwLkQx8kPLOkvH7aJHSjGA=",
                     "serial": "5a449c2ede8b2f0b7b71feb8"
                },
                {
                    "pin": "s6xGyPIeuJv9rlIq8iBlc52SNk8p/ggMJwlhA3ErV3I=",
                    "serial": "3769300060e20238938081be9dabb47"
                },
                {
                    "pin": "4DmkkckpdCaANfnhBXmjrttFEaOQ5kFG4VyiP8rnr34=",
                    "serial": "7c51c3974f4ba0dbc7173e35677029f"
                },
                {
                    "pin": "jN4eTIDGCMA8uOCo4W6tAoXWGKAf+KV90nyOPEA0/4E=",
                    "serial": "2c9d2fb0601c98b90d8d863fafb26a9"
                },
                {
                    "pin": "J8sE3TLTuJDuZMvhVNOLaE2/T0YtDNA8bkwZI+8k8uA=",
                    "serial": "9b10c3b12330621b73b5726d7eb2147"
                },
                {
                    "pin": "nYYGRCDzUlh/0OFpGcsqL//5mwO9f+sB66F/eFl8CPs=",
                    "serial": "f5968151a9501bec7ed69741470c901"
                },
                {
                    "pin": "3WlsDD6NrYWmVA61rY9B2zbDPoQEFOMlm+uiksUEr+M=",
                    "serial": "5370813ff159097e5dc7de5b783901c"
                },
                {
                    "pin": "JgZq99VrhpBYrHad8wF2IQ+g7gCusrijzZf13nMM6TY=",
                    "serial": "2e2518120d0af81ed82f7d46"
                }
            ]
        },
        {
            "host": "api.tinkoff.ru",
            "pins": [
                {
                    "is_online": true,
                    "pin": "4DmkkckpdCaANfnhBXmjrttFEaOQ5kFG4VyiP8rnr34=",
                    "serial": "7c51c3974f4ba0dbc7173e35677029f"
                },
                {
                    "pin": "4DmkkckpdCaANfnhBXmjrttFEaOQ5kFG4VyiP8rnr34=",
                    "serial": "7c51c3974f4ba0dbc7173e35677029f"
                },
                {
                    "pin": "jN4eTIDGCMA8uOCo4W6tAoXWGKAf+KV90nyOPEA0/4E=",
                    "serial": "2c9d2fb0601c98b90d8d863fafb26a9"
                },
                {
                    "pin": "JgZq99VrhpBYrHad8wF2IQ+g7gCusrijzZf13nMM6TY=",
                    "serial": "2e2518120d0af81ed82f7d46"
                }
            ]
        },
        {
            "host": "www.tinkoff.ru",
            "pins": [
                {
                    "is_online": true,
                    "pin": "4DmkkckpdCaANfnhBXmjrttFEaOQ5kFG4VyiP8rnr34=",
                    "serial": "7c51c3974f4ba0dbc7173e35677029f"
                },
                {
                    "pin": "4DmkkckpdCaANfnhBXmjrttFEaOQ5kFG4VyiP8rnr34=",
                    "serial": "7c51c3974f4ba0dbc7173e35677029f"
                },
                {
                    "pin": "jN4eTIDGCMA8uOCo4W6tAoXWGKAf+KV90nyOPEA0/4E=",
                    "serial": "2c9d2fb0601c98b90d8d863fafb26a9"
                },
                {
                    "pin": "JgZq99VrhpBYrHad8wF2IQ+g7gCusrijzZf13nMM6TY=",
                    "serial": "2e2518120d0af81ed82f7d46"
                }
            ]
        },
        {
            "host": "mobile-bank.cdn-tinkoff.ru",
            "pins": [
                {
                    "is_online": true,
                    "pin": "sw3DOQMyGEdDCM7DtaUdUiGQws6g9I/N6LHvSCeIUBc=",
                    "serial": "6c3ba4e706c1a76a96369fbe842bb5c"
                },
                {
                    "pin": "sw3DOQMyGEdDCM7DtaUdUiGQws6g9I/N6LHvSCeIUBc=",
                    "serial": "6c3ba4e706c1a76a96369fbe842bb5c"
                }
            ]
        },
        {
            "host": "brands-prod.cdn-tinkoff.ru",
            "pins": [
                {
                    "is_online": true,
                    "pin": "sw3DOQMyGEdDCM7DtaUdUiGQws6g9I/N6LHvSCeIUBc=",
                    "serial": "6c3ba4e706c1a76a96369fbe842bb5c"
                },
                {
                    "pin": "sw3DOQMyGEdDCM7DtaUdUiGQws6g9I/N6LHvSCeIUBc=",
                    "serial": "6c3ba4e706c1a76a96369fbe842bb5c"
                }
            ]
        },
        {
            "host": "mobile-core-prod.cdn-tinkoff.ru",
            "pins": [
                {
                    "is_online": true,
                    "pin": "sw3DOQMyGEdDCM7DtaUdUiGQws6g9I/N6LHvSCeIUBc=",
                    "serial": "6c3ba4e706c1a76a96369fbe842bb5c"
                },
                {
                    "pin": "sw3DOQMyGEdDCM7DtaUdUiGQws6g9I/N6LHvSCeIUBc=",
                    "serial": "6c3ba4e706c1a76a96369fbe842bb5c"
                }
            ]
        },
        {
            "host": "origination.tinkoff.ru",
            "pins": [
                {
                    "is_online": true,
                    "pin": "4DmkkckpdCaANfnhBXmjrttFEaOQ5kFG4VyiP8rnr34=",
                    "serial": "7c51c3974f4ba0dbc7173e35677029f"
                },
                {
                    "pin": "4DmkkckpdCaANfnhBXmjrttFEaOQ5kFG4VyiP8rnr34=",
                    "serial": "7c51c3974f4ba0dbc7173e35677029f"
                },
                {
                    "pin": "jN4eTIDGCMA8uOCo4W6tAoXWGKAf+KV90nyOPEA0/4E=",
                    "serial": "2c9d2fb0601c98b90d8d863fafb26a9"
                },
                {
                    "pin": "JgZq99VrhpBYrHad8wF2IQ+g7gCusrijzZf13nMM6TY=",
                    "serial": "2e2518120d0af81ed82f7d46"
                }
            ]
        },
        {
            "host": "api-statist.tinkoff.ru",
            "pins": [
                {
                    "is_online": true,
                    "pin": "4DmkkckpdCaANfnhBXmjrttFEaOQ5kFG4VyiP8rnr34=",
                    "serial": "7c51c3974f4ba0dbc7173e35677029f"
                },
                {
                    "pin": "4DmkkckpdCaANfnhBXmjrttFEaOQ5kFG4VyiP8rnr34=",
                    "serial": "7c51c3974f4ba0dbc7173e35677029f"
                },
                {
                    "pin": "jN4eTIDGCMA8uOCo4W6tAoXWGKAf+KV90nyOPEA0/4E=",
                    "serial": "2c9d2fb0601c98b90d8d863fafb26a9"
                },
                {
                    "pin": "JgZq99VrhpBYrHad8wF2IQ+g7gCusrijzZf13nMM6TY=",
                    "serial": "2e2518120d0af81ed82f7d46"
                },
                {
                    "pin": "JgZq99VrhpBYrHad8wF2IQ+g7gCusrijzZf13nMM6TY=",
                    "serial": "2e2518120d0af81ed82f7d46"
                }
            ]
        },
        {
            "host": "rbac.tinkoff.ru",
            "pins": [
                {
                    "is_online": true,
                    "pin": "4DmkkckpdCaANfnhBXmjrttFEaOQ5kFG4VyiP8rnr34=",
                    "serial": "7c51c3974f4ba0dbc7173e35677029f"
                },
                {
                    "pin": "4DmkkckpdCaANfnhBXmjrttFEaOQ5kFG4VyiP8rnr34=",
                    "serial": "7c51c3974f4ba0dbc7173e35677029f"
                },
                {
                    "pin": "jN4eTIDGCMA8uOCo4W6tAoXWGKAf+KV90nyOPEA0/4E=",
                    "serial": "2c9d2fb0601c98b90d8d863fafb26a9"
                },
                {
                    "pin": "JgZq99VrhpBYrHad8wF2IQ+g7gCusrijzZf13nMM6TY=",
                    "serial": "2e2518120d0af81ed82f7d46"
                }
            ]
        },
        {
            "host": "mobile-lifestyle-static-prod.cdn-tinkoff.ru",
            "pins": [
                {
                    "is_online": true,
                    "pin": "sw3DOQMyGEdDCM7DtaUdUiGQws6g9I/N6LHvSCeIUBc=",
                    "serial": "6c3ba4e706c1a76a96369fbe842bb5c"
                },
                {
                    "pin": "sw3DOQMyGEdDCM7DtaUdUiGQws6g9I/N6LHvSCeIUBc=",
                    "serial": "6c3ba4e706c1a76a96369fbe842bb5c"
                }
            ]
        },
        {
            "host": "static2.tinkoff.ru",
            "pins": [
                {
                    "is_online": true,
                    "pin": "4DmkkckpdCaANfnhBXmjrttFEaOQ5kFG4VyiP8rnr34=",
                    "serial": "7c51c3974f4ba0dbc7173e35677029f"
                },
                {
                    "pin": "4DmkkckpdCaANfnhBXmjrttFEaOQ5kFG4VyiP8rnr34=",
                    "serial": "7c51c3974f4ba0dbc7173e35677029f"
                },
                {
                    "pin": "jN4eTIDGCMA8uOCo4W6tAoXWGKAf+KV90nyOPEA0/4E=",
                    "serial": "2c9d2fb0601c98b90d8d863fafb26a9"
                },
                {
                    "pin": "JgZq99VrhpBYrHad8wF2IQ+g7gCusrijzZf13nMM6TY=",
                    "serial": "2e2518120d0af81ed82f7d46"
                }
            ]
        },
        {
            "host": "mobile-vkarmane-prod.cdn-tinkoff.ru",
            "pins": [
                {
                    "is_online": true,
                    "pin": "sw3DOQMyGEdDCM7DtaUdUiGQws6g9I/N6LHvSCeIUBc=",
                    "serial": "6c3ba4e706c1a76a96369fbe842bb5c"
                },
                {
                    "pin": "sw3DOQMyGEdDCM7DtaUdUiGQws6g9I/N6LHvSCeIUBc=",
                    "serial": "6c3ba4e706c1a76a96369fbe842bb5c"
                }
            ]
        },
        {
            "host": "business.tinkoff.ru",
            "pins": [
                {
                    "is_online": true,
                    "pin": "4DmkkckpdCaANfnhBXmjrttFEaOQ5kFG4VyiP8rnr34=",
                    "serial": "7c51c3974f4ba0dbc7173e35677029f"
                },
                {
                    "pin": "4DmkkckpdCaANfnhBXmjrttFEaOQ5kFG4VyiP8rnr34=",
                    "serial": "7c51c3974f4ba0dbc7173e35677029f"
                },
                {
                    "pin": "jN4eTIDGCMA8uOCo4W6tAoXWGKAf+KV90nyOPEA0/4E=",
                    "serial": "2c9d2fb0601c98b90d8d863fafb26a9"
                },
                {
                    "pin": "JgZq99VrhpBYrHad8wF2IQ+g7gCusrijzZf13nMM6TY=",
                    "serial": "2e2518120d0af81ed82f7d46"
                }
            ]
        },
        {
            "host": "static.tinkoff.ru",
            "pins": [
                {
                    "is_online": true,
                    "pin": "4DmkkckpdCaANfnhBXmjrttFEaOQ5kFG4VyiP8rnr34=",
                    "serial": "7c51c3974f4ba0dbc7173e35677029f"
                },
                {
                    "pin": "4DmkkckpdCaANfnhBXmjrttFEaOQ5kFG4VyiP8rnr34=",
                    "serial": "7c51c3974f4ba0dbc7173e35677029f"
                },
                {
                    "pin": "jN4eTIDGCMA8uOCo4W6tAoXWGKAf+KV90nyOPEA0/4E=",
                    "serial": "2c9d2fb0601c98b90d8d863fafb26a9"
                },
                {
                    "pin": "JgZq99VrhpBYrHad8wF2IQ+g7gCusrijzZf13nMM6TY=",
                    "serial": "2e2518120d0af81ed82f7d46"
                }
            ]
        },
        {
            "host": "magentbet.tcsbank.ru",
            "pins": [
                {
                    "is_online": true,
                    "pin": "nYYGRCDzUlh/0OFpGcsqL//5mwO9f+sB66F/eFl8CPs=",
                    "serial": "f5968151a9501bec7ed69741470c901"
                },
                {
                    "pin": "nYYGRCDzUlh/0OFpGcsqL//5mwO9f+sB66F/eFl8CPs=",
                    "serial": "f5968151a9501bec7ed69741470c901"
                },
                {
                    "pin": "3WlsDD6NrYWmVA61rY9B2zbDPoQEFOMlm+uiksUEr+M=",
                    "serial": "5370813ff159097e5dc7de5b783901c"
                },
                {
                    "pin": "UJ98miGl7eIU5waeuAccwymyit4vCp/xod0JApyEsNs=",
                    "serial": "5cee42d8abdf2a4dd8aeaef3"
                }
            ]
        },
        {
            "host": "id.tinkoff.ru",
            "pins": [
                {
                    "is_online": true,
                    "pin": "4DmkkckpdCaANfnhBXmjrttFEaOQ5kFG4VyiP8rnr34=",
                    "serial": "7c51c3974f4ba0dbc7173e35677029f"
                },
                {
                    "pin": "4DmkkckpdCaANfnhBXmjrttFEaOQ5kFG4VyiP8rnr34=",
                    "serial": "7c51c3974f4ba0dbc7173e35677029f"
                },
                {
                    "pin": "jN4eTIDGCMA8uOCo4W6tAoXWGKAf+KV90nyOPEA0/4E=",
                    "serial": "2c9d2fb0601c98b90d8d863fafb26a9"
                },
                {
                    "pin": "JgZq99VrhpBYrHad8wF2IQ+g7gCusrijzZf13nMM6TY=",
                    "serial": "2e2518120d0af81ed82f7d46"
                }
            ]
        },
        {
            "host": "magentbep.tcsbank.ru",
            "pins": [
                {
                    "is_online": true,
                    "pin": "nYYGRCDzUlh/0OFpGcsqL//5mwO9f+sB66F/eFl8CPs=",
                    "serial": "f5968151a9501bec7ed69741470c901"
                },
                {
                    "pin": "nYYGRCDzUlh/0OFpGcsqL//5mwO9f+sB66F/eFl8CPs=",
                    "serial": "f5968151a9501bec7ed69741470c901"
                },
                {
                    "pin": "3WlsDD6NrYWmVA61rY9B2zbDPoQEFOMlm+uiksUEr+M=",
                    "serial": "5370813ff159097e5dc7de5b783901c"
                },
                {
                    "pin": "UJ98miGl7eIU5waeuAccwymyit4vCp/xod0JApyEsNs=",
                    "serial": "5cee42d8abdf2a4dd8aeaef3"
                }
            ]
        },
        {
            "host": "api-common.tinkoff.ru",
            "pins": [
                {
                    "is_online": true,
                    "pin": "4DmkkckpdCaANfnhBXmjrttFEaOQ5kFG4VyiP8rnr34=",
                    "serial": "7c51c3974f4ba0dbc7173e35677029f"
                },
                {
                    "pin": "4DmkkckpdCaANfnhBXmjrttFEaOQ5kFG4VyiP8rnr34=",
                    "serial": "7c51c3974f4ba0dbc7173e35677029f"
                },
                {
                    "pin": "jN4eTIDGCMA8uOCo4W6tAoXWGKAf+KV90nyOPEA0/4E=",
                    "serial": "2c9d2fb0601c98b90d8d863fafb26a9"
                },
                {
                    "pin": "JgZq99VrhpBYrHad8wF2IQ+g7gCusrijzZf13nMM6TY=",
                    "serial": "2e2518120d0af81ed82f7d46"
                }
            ]
        },
        {
            "host": "homeagents.online",
            "pins": [
                {
                    "is_online": true,
                    "pin": "9P9fPuO6u0axNxhbJTt4VqEvsnTouauCArOWsEEzPmM=",
                    "serial": "d5586179305688d71421489256803e8f"
                },
                {
                    "pin": "9zhOcPNe8f+0GYwJwCHIlHI6b+W8xsXJLfw5gaywSmU=",
                    "serial": "7afd09e8ba345edafff33b84"
                }
            ]
        },
        {
            "host": "sso.tinkoff.ru",
            "pins": [
                {
                    "is_online": true,
                    "pin": "4DmkkckpdCaANfnhBXmjrttFEaOQ5kFG4VyiP8rnr34=",
                    "serial": "7c51c3974f4ba0dbc7173e35677029f"
                },
                {
                    "pin": "4DmkkckpdCaANfnhBXmjrttFEaOQ5kFG4VyiP8rnr34=",
                    "serial": "7c51c3974f4ba0dbc7173e35677029f"
                },
                {
                    "pin": "jN4eTIDGCMA8uOCo4W6tAoXWGKAf+KV90nyOPEA0/4E=",
                    "serial": "2c9d2fb0601c98b90d8d863fafb26a9"
                },
                {
                    "pin": "JgZq99VrhpBYrHad8wF2IQ+g7gCusrijzZf13nMM6TY=",
                    "serial": "2e2518120d0af81ed82f7d46"
                }
            ]
        },
        {
            "host": "mobile-invest-course-prod.cdn-tinkoff.ru",
            "pins": [
                {
                    "is_online": true,
                    "pin": "sw3DOQMyGEdDCM7DtaUdUiGQws6g9I/N6LHvSCeIUBc=",
                    "serial": "6c3ba4e706c1a76a96369fbe842bb5c"
                },
                {
                    "pin": "sw3DOQMyGEdDCM7DtaUdUiGQws6g9I/N6LHvSCeIUBc=",
                    "serial": "6c3ba4e706c1a76a96369fbe842bb5c"
                }
            ]
        },
        {
            "host": "mobile-appinapp-static-prod.cdn-tinkoff.ru",
            "pins": [
                {
                    "is_online": true,
                    "pin": "sw3DOQMyGEdDCM7DtaUdUiGQws6g9I/N6LHvSCeIUBc=",
                    "serial": "6c3ba4e706c1a76a96369fbe842bb5c"
                },
                {
                    "pin": "sw3DOQMyGEdDCM7DtaUdUiGQws6g9I/N6LHvSCeIUBc=",
                    "serial": "6c3ba4e706c1a76a96369fbe842bb5c"
                }
            ]
        },
        {
            "host": "mobile-bank-cdn-fb.tinkoff.ru",
            "pins": [
                {
                    "is_online": true,
                    "pin": "4DmkkckpdCaANfnhBXmjrttFEaOQ5kFG4VyiP8rnr34=",
                    "serial": "7c51c3974f4ba0dbc7173e35677029f"
                },
                {
                    "pin": "4DmkkckpdCaANfnhBXmjrttFEaOQ5kFG4VyiP8rnr34=",
                    "serial": "7c51c3974f4ba0dbc7173e35677029f"
                },
                {
                    "pin": "jN4eTIDGCMA8uOCo4W6tAoXWGKAf+KV90nyOPEA0/4E=",
                    "serial": "2c9d2fb0601c98b90d8d863fafb26a9"
                },
                {
                    "pin": "JgZq99VrhpBYrHad8wF2IQ+g7gCusrijzZf13nMM6TY=",
                    "serial": "2e2518120d0af81ed82f7d46"
                }
            ]
        }
    ]
}
